place,title,time,pay,date
경기 고양시,교촌치킨 원흥,시간협의,"시급11,000",1분 전
경기 파주시,교촌치킨 문산,18:30~23:30,"시급12,000",1분 전
경기 오산시,교촌치킨 수원 매교,09:30~14:30,"시급12,000",1분 전
경기 고양시,교촌치킨 원흥,시간협의,"시급11,000",1분 전
경기 광주시,교촌치킨 경기중앙 초월점,17:00~22:00,"시급10,000",1분 전
경북 경주시,교촌치킨 경북동부 용강점,18:00~24:00,"시급11,000",1분 전
서울 강서구,교촌치킨 서울서부 화곡4동점,시간협의,"시급12,000",1분 전
서울 도봉구,교촌치킨 창동,시간협의,"시급10,500",1분 전
광주 북구,교촌치킨 연제,18:00~22:00,"시급9,860",2분 전
경남 진주시,교촌치킨 신안평거점,17:00~22:00,"시급10,000",2분 전
경남 진주시,교촌치킨 신안평거점,15:00~00:00,"월급2,800,000",2분 전
경기 부천시,교촌치킨 부천역점,06:00~00:30,"시급10,500",2분 전
경기 부천시,교촌치킨 부천역점,06:00~00:30,"시급10,500",2분 전
경기 부천시,교촌치킨 부천역점,06:00~00:30,"시급10,500",2분 전
경기 부천시,교촌치킨 부천역점,06:00~00:30,"시급10,500",2분 전
경기 부천시,교촌치킨 부천역점,11:30~01:00,"월급3,500,000",2분 전
경북 경주시,교촌치킨 경북동부 용강점,18:00~24:00,"시급11,000",2분 전
전북 군산시,교촌치킨 나운1호,17:00~23:00,"시급12,000",2분 전
서울 도봉구,교촌치킨 창동,23:00~01:00,"시급11,000",2분 전
경북 경산시,교촌치킨 경산 경산오거리,17:00~24:00,"시급10,000",2분 전
경기 광주시,교촌치킨 곤지암,17:00~22:00,"시급10,000",2분 전
경기 광주시,교촌치킨 곤지암,17:00~22:00,"시급10,000",2분 전
서울 강서구,교촌치킨 서울서부 염창점,17:00~24:00,"월급2,000,000",2분 전
광주 광산구,교촌치킨 선운지구점,18:00~24:00,"시급10,500",2분 전
서울 도봉구,교촌치킨 창동,23:00~01:00,"시급11,000",2분 전
경기 광주시,교촌치킨 곤지암,17:00~22:00,"시급10,000",2분 전
광주 광산구,교촌치킨 선운지구점,18:00~24:00,"시급10,500",3분 전
경기 광주시,교촌치킨 곤지암,17:00~22:00,"시급10,000",3분 전
경북 경산시,교촌치킨 경산 경산오거리,17:00~24:00,"시급10,000",4분 전
광주 북구,교촌치킨 연제,18:00~22:00,"시급9,860",4분 전
경북 경주시,교촌치킨 경북동부 용강점,18:00~24:00,"시급11,000",4분 전
경기 부천시,교촌치킨 부천역점,11:30~01:00,"월급3,500,000",4분 전
경남 진주시,교촌치킨 신안평거점,15:00~00:00,"월급2,800,000",5분 전
경기 부천시,교촌치킨 부천역점,06:00~00:30,"시급10,500",5분 전
경기 부천시,교촌치킨 부천역점,06:00~00:30,"시급10,500",5분 전
경남 진주시,교촌치킨 신안평거점,17:00~22:00,"시급10,000",5분 전
경기 부천시,교촌치킨 부천역점,06:00~00:30,"시급10,500",6분 전
경기 부천시,교촌치킨 부천역점,06:00~00:30,"시급10,500",6분 전
서울 강서구,교촌치킨 서울서부 염창점,17:00~24:00,"월급2,000,000",6분 전
전북 군산시,교촌치킨 나운1호,17:00~23:00,"시급12,000",7분 전
서울 강동구,교촌치킨 서울동부 명일1호점,시간협의,"시급12,500",7분 전
부산 수영구,교촌치킨 망미1호,05:00~24:00,"시급9,860",7분 전
전북 익산시,교촌치킨 동산,시간협의,"시급11,500",7분 전
전북 익산시,교촌치킨 동산,시간협의,"시급10,300",7분 전
서울 성북구,교촌치킨 서울북부 월곡점,시간협의,"시급12,000",7분 전
서울 성북구,교촌치킨 서울북부 월곡점,시간협의,"시급12,000",7분 전
서울 성북구,교촌치킨 서울북부 월곡점,시간협의,"시급12,000",7분 전
강원 원주시,교촌치킨 강원 태장1동점,06:00~23:00,"시급10,000",7분 전
전북 익산시,교촌치킨 동산,시간협의,"시급10,300",8분 전
전북 익산시,교촌치킨 동산,시간협의,"시급11,500",9분 전
